Category Name,URL,Level
Animals & Pet Supplies,https://www.fruugo.co.uk/animals-pet-supplies/a-1,Level 1
Pet Supplies,https://www.fruugo.co.uk/pet-supplies/a-2,Level 2
Bird Supplies,https://www.fruugo.co.uk/bird-supplies/a-3,Level 3
Bird Cages & Stands,https://www.fruugo.co.uk/bird-cages-stands/a-4989,Level 4
Bird Food,https://www.fruugo.co.uk/bird-food/a-4990,Level 4
Bird Ladders & Perches,https://www.fruugo.co.uk/bird-ladders-perches/a-4991,Level 4
Bird Toys,https://www.fruugo.co.uk/bird-toys/a-4992,Level 4
Bird Treats,https://www.fruugo.co.uk/bird-treats/a-4993,Level 4
Bird Cage Accessories,https://www.fruugo.co.uk/bird-cage-accessories/a-7385,Level 4
Bird Cage Bird Baths,https://www.fruugo.co.uk/bird-cage-bird-baths/a-499954,Level 5
Bird Cage Food & Water Dishes,https://www.fruugo.co.uk/bird-cage-food-water-dishes/a-7386,Level 5
Bird Gyms & Playstands,https://www.fruugo.co.uk/bird-gyms-playstands/a-7398,Level 4
Cat Supplies,https://www.fruugo.co.uk/cat-supplies/a-4,Level 3
Cat Food,https://www.fruugo.co.uk/cat-food/a-3367,Level 4
Cat Beds,https://www.fruugo.co.uk/cat-beds/a-4433,Level 4
Cat Furniture,https://www.fruugo.co.uk/cat-furniture/a-4997,Level 4
Cat Litter,https://www.fruugo.co.uk/cat-litter/a-4999,Level 4
Cat Litter Boxes,https://www.fruugo.co.uk/cat-litter-boxes/a-5000,Level 4
Cat Furniture Accessories,https://www.fruugo.co.uk/cat-furniture-accessories/a-500059,Level 4
Cat Toys,https://www.fruugo.co.uk/cat-toys/a-5001,Level 4
Cat Treats,https://www.fruugo.co.uk/cat-treats/a-5002,Level 4
Cat Apparel,https://www.fruugo.co.uk/cat-apparel/a-5082,Level 4
Cat Litter Box Mats,https://www.fruugo.co.uk/cat-litter-box-mats/a-7142,Level 4
Cat Litter Box Liners,https://www.fruugo.co.uk/cat-litter-box-liners/a-8069,Level 4
Pet Doors,https://www.fruugo.co.uk/pet-doors/a-4497,Level 3
Pet Heating Pads,https://www.fruugo.co.uk/pet-heating-pads/a-499743,Level 3
Dog Supplies,https://www.fruugo.co.uk/dog-supplies/a-5,Level 3
Dog Food,https://www.fruugo.co.uk/dog-food/a-3530,Level 4
Dog Beds,https://www.fruugo.co.uk/dog-beds/a-4434,Level 4
Dog Diapers,https://www.fruugo.co.uk/dog-diapers/a-499900,Level 4
Dog Apparel,https://www.fruugo.co.uk/dog-apparel/a-5004,Level 4
Dog Toys,https://www.fruugo.co.uk/dog-toys/a-5010,Level 4
Dog Treats,https://www.fruugo.co.uk/dog-treats/a-5011,Level 4
Dog Houses,https://www.fruugo.co.uk/dog-houses/a-5094,Level 4
Dog Kennels & Runs,https://www.fruugo.co.uk/dog-kennels-runs/a-7274,Level 4
Dog Diaper Pads & Liners,https://www.fruugo.co.uk/dog-diaper-pads-liners/a-7372,Level 4
Dog Kennel & Run Accessories,https://www.fruugo.co.uk/dog-kennel-run-accessories/a-7428,Level 4
Dog Treadmills,https://www.fruugo.co.uk/dog-treadmills/a-8123,Level 4
Pet Carrier & Crate Accessories,https://www.fruugo.co.uk/pet-carrier-crate-accessories/a-500026,Level 3
Pet Bed Accessories,https://www.fruugo.co.uk/pet-bed-accessories/a-500084,Level 3
Pet Heating Pad Accessories,https://www.fruugo.co.uk/pet-heating-pad-accessories/a-500110,Level 3
Small Animal Supplies,https://www.fruugo.co.uk/small-animal-supplies/a-5013,Level 3
Small Animal Bedding,https://www.fruugo.co.uk/small-animal-bedding/a-5014,Level 4
Small Animal Food,https://www.fruugo.co.uk/small-animal-food/a-5015,Level 4
Small Animal Habitat Accessories,https://www.fruugo.co.uk/small-animal-habitat-accessories/a-5016,Level 4
Small Animal Habitats & Cages,https://www.fruugo.co.uk/small-animal-habitats-cages/a-5017,Level 4
Small Animal Treats,https://www.fruugo.co.uk/small-animal-treats/a-7517,Level 4
Pet Waste Bag Dispensers & Holders,https://www.fruugo.co.uk/pet-waste-bag-dispensers-holders/a-502982,Level 3
Pet Waste Disposal Systems & Tools,https://www.fruugo.co.uk/pet-waste-disposal-systems-tools/a-505297,Level 3
Pet Training Aids,https://www.fruugo.co.uk/pet-training-aids/a-505314,Level 3
Pet Training Pad Holders,https://www.fruugo.co.uk/pet-training-pad-holders/a-505304,Level 4
Pet Training Sprays & Solutions,https://www.fruugo.co.uk/pet-training-sprays-solutions/a-505311,Level 4
Pet Training Clickers & Treat Dispensers,https://www.fruugo.co.uk/pet-training-clickers-treat-dispensers/a-505313,Level 4
Pet Training Pads,https://www.fruugo.co.uk/pet-training-pads/a-6846,Level 4
Pet Door Accessories,https://www.fruugo.co.uk/pet-door-accessories/a-505811,Level 3
Pet Vitamins & Supplements,https://www.fruugo.co.uk/pet-vitamins-supplements/a-5081,Level 3
Pet Medicine,https://www.fruugo.co.uk/pet-medicine/a-5086,Level 3
Pet Playpens,https://www.fruugo.co.uk/pet-playpens/a-5087,Level 3
Pet Bells & Charms,https://www.fruugo.co.uk/pet-bells-charms/a-5092,Level 3
Pet ID Tags,https://www.fruugo.co.uk/pet-id-tags/a-5093,Level 3
Pet Muzzles,https://www.fruugo.co.uk/pet-muzzles/a-5144,Level 3
Pet Medical Collars,https://www.fruugo.co.uk/pet-medical-collars/a-5145,Level 3
Pet Food Containers,https://www.fruugo.co.uk/pet-food-containers/a-5162,Level 3
Pet Food Scoops,https://www.fruugo.co.uk/pet-food-scoops/a-5163,Level 3
Fish Supplies,https://www.fruugo.co.uk/fish-supplies/a-6,Level 3
Aquariums,https://www.fruugo.co.uk/aquariums/a-3238,Level 4
Aquarium Cleaning Supplies,https://www.fruugo.co.uk/aquarium-cleaning-supplies/a-500038,Level 4
Aquarium Temperature Controllers,https://www.fruugo.co.uk/aquarium-temperature-controllers/a-500062,Level 4
Aquarium Decor,https://www.fruugo.co.uk/aquarium-decor/a-5019,Level 4
Aquarium Filters,https://www.fruugo.co.uk/aquarium-filters/a-5020,Level 4
Aquarium Gravel & Substrates,https://www.fruugo.co.uk/aquarium-gravel-substrates/a-5021,Level 4
Aquarium Stands,https://www.fruugo.co.uk/aquarium-stands/a-5023,Level 4
Fish Food,https://www.fruugo.co.uk/fish-food/a-5024,Level 4
Aquarium & Pond Tubing,https://www.fruugo.co.uk/aquarium-pond-tubing/a-505303,Level 4
Aquarium Fish Nets,https://www.fruugo.co.uk/aquarium-fish-nets/a-505306,Level 4
Aquarium Air Stones & Diffusers,https://www.fruugo.co.uk/aquarium-air-stones-diffusers/a-505307,Level 4
Aquarium Lighting,https://www.fruugo.co.uk/aquarium-lighting/a-5079,Level 4
Aquarium Water Treatments,https://www.fruugo.co.uk/aquarium-water-treatments/a-5161,Level 4
Aquatic Plant Fertilizers,https://www.fruugo.co.uk/aquatic-plant-fertilizers/a-6085,Level 4
Fish Feeders,https://www.fruugo.co.uk/fish-feeders/a-6403,Level 4
Aquarium Overflow Boxes,https://www.fruugo.co.uk/aquarium-overflow-boxes/a-6951,Level 4
Pet Flea & Tick Control,https://www.fruugo.co.uk/pet-flea-tick-control/a-6248,Level 3
Pet Leashes,https://www.fruugo.co.uk/pet-leashes/a-6249,Level 3
Pet Collars & Harnesses,https://www.fruugo.co.uk/pet-collars-harnesses/a-6250,Level 3
Pet Carriers & Crates,https://www.fruugo.co.uk/pet-carriers-crates/a-6251,Level 3
"Pet Bowls, Feeders & Waterers",https://www.fruugo.co.uk/pet-bowls-feeders-waterers/a-6252,Level 3
Pet Leash Extensions,https://www.fruugo.co.uk/pet-leash-extensions/a-6253,Level 3
Pet Strollers,https://www.fruugo.co.uk/pet-strollers/a-6276,Level 3
Pet Containment Systems,https://www.fruugo.co.uk/pet-containment-systems/a-6321,Level 3
Pet Grooming Supplies,https://www.fruugo.co.uk/pet-grooming-supplies/a-6383,Level 3
Pet Wipes,https://www.fruugo.co.uk/pet-wipes/a-499917,Level 4
Pet Fragrances & Deodorizing Sprays,https://www.fruugo.co.uk/pet-fragrances-deodorizing-sprays/a-503733,Level 4
Pet Hair Clippers & Trimmers,https://www.fruugo.co.uk/pet-hair-clippers-trimmers/a-6384,Level 4
Pet Combs & Brushes,https://www.fruugo.co.uk/pet-combs-brushes/a-6385,Level 4
Pet Shampoo & Conditioner,https://www.fruugo.co.uk/pet-shampoo-conditioner/a-6406,Level 4
Pet Nail Polish,https://www.fruugo.co.uk/pet-nail-polish/a-7318,Level 4
Pet Nail Tools,https://www.fruugo.co.uk/pet-nail-tools/a-7319,Level 4
Pet Hair Dryers,https://www.fruugo.co.uk/pet-hair-dryers/a-8167,Level 4
Pet Apparel Hangers,https://www.fruugo.co.uk/pet-apparel-hangers/a-6811,Level 3
Pet Medical Tape & Bandages,https://www.fruugo.co.uk/pet-medical-tape-bandages/a-6861,Level 3
Pet Steps & Ramps,https://www.fruugo.co.uk/pet-steps-ramps/a-6973,Level 3
Pet Biometric Monitors,https://www.fruugo.co.uk/pet-biometric-monitors/a-6978,Level 3
Pet Glucose Meters,https://www.fruugo.co.uk/pet-glucose-meters/a-6980,Level 4
Pet Thermometers,https://www.fruugo.co.uk/pet-thermometers/a-6981,Level 4
Pet Pedometers,https://www.fruugo.co.uk/pet-pedometers/a-6982,Level 4
Pet Agility Equipment,https://www.fruugo.co.uk/pet-agility-equipment/a-6983,Level 3
Reptile & Amphibian Supplies,https://www.fruugo.co.uk/reptile-amphibian-supplies/a-7,Level 3
Reptile & Amphibian Food,https://www.fruugo.co.uk/reptile-amphibian-food/a-5026,Level 4
Reptile & Amphibian Habitat Accessories,https://www.fruugo.co.uk/reptile-amphibian-habitat-accessories/a-5027,Level 4
Reptile & Amphibian Habitat Heating & Lighting,https://www.fruugo.co.uk/reptile-amphibian-habitat-heating-lighting/a-5028,Level 4
Reptile & Amphibian Habitats,https://www.fruugo.co.uk/reptile-amphibian-habitats/a-5029,Level 4
Reptile & Amphibian Substrates,https://www.fruugo.co.uk/reptile-amphibian-substrates/a-5030,Level 4
Pet Bowl Mats,https://www.fruugo.co.uk/pet-bowl-mats/a-7143,Level 3
Pet Oral Care Supplies,https://www.fruugo.co.uk/pet-oral-care-supplies/a-7144,Level 3
Pet Sunscreen,https://www.fruugo.co.uk/pet-sunscreen/a-7396,Level 3
Pet Eye Drops & Lubricants,https://www.fruugo.co.uk/pet-eye-drops-lubricants/a-8050,Level 3
Pet First Aid & Emergency Kits,https://www.fruugo.co.uk/pet-first-aid-emergency-kits/a-8068,Level 3
Pet Waste Bags,https://www.fruugo.co.uk/pet-waste-bags/a-8070,Level 3
Vehicle Pet Barriers,https://www.fruugo.co.uk/vehicle-pet-barriers/a-8474,Level 3
Pet Bowl Stands,https://www.fruugo.co.uk/pet-bowl-stands/a-8513,Level 3
Live Animals,https://www.fruugo.co.uk/live-animals/a-3237,Level 2
Business & Industrial,https://www.fruugo.co.uk/business-industrial/a-111,Level 1
Agriculture,https://www.fruugo.co.uk/agriculture/a-112,Level 2
Animal Husbandry,https://www.fruugo.co.uk/animal-husbandry/a-6991,Level 3
Livestock Halters,https://www.fruugo.co.uk/livestock-halters/a-499946,Level 4
Egg Incubators,https://www.fruugo.co.uk/egg-incubators/a-499997,Level 4
Livestock Feed,https://www.fruugo.co.uk/livestock-feed/a-505821,Level 4
Livestock Feeders & Waterers,https://www.fruugo.co.uk/livestock-feeders-waterers/a-6990,Level 4
Construction,https://www.fruugo.co.uk/construction/a-114,Level 2
Surveying,https://www.fruugo.co.uk/surveying/a-134,Level 3
Traffic Cones & Barrels,https://www.fruugo.co.uk/traffic-cones-barrels/a-8278,Level 3
Food Service,https://www.fruugo.co.uk/food-service/a-135,Level 2
Vending Machines,https://www.fruugo.co.uk/vending-machines/a-137,Level 3
Food Service Baskets,https://www.fruugo.co.uk/food-service-baskets/a-4096,Level 3
Bus Tubs,https://www.fruugo.co.uk/bus-tubs/a-4217,Level 3
Disposable Tableware,https://www.fruugo.co.uk/disposable-tableware/a-4632,Level 3
Disposable Bowls,https://www.fruugo.co.uk/disposable-bowls/a-5098,Level 4
Disposable Cups,https://www.fruugo.co.uk/disposable-cups/a-5099,Level 4
Disposable Cutlery,https://www.fruugo.co.uk/disposable-cutlery/a-5100,Level 4
Disposable Plates,https://www.fruugo.co.uk/disposable-plates/a-5101,Level 4
Food Service Carts,https://www.fruugo.co.uk/food-service-carts/a-4742,Level 3
Take-Out Containers,https://www.fruugo.co.uk/take-out-containers/a-5097,Level 3
Concession Food Containers,https://www.fruugo.co.uk/concession-food-containers/a-5102,Level 3
Plate & Dish Warmers,https://www.fruugo.co.uk/plate-dish-warmers/a-5104,Level 3
Hot Dog Rollers,https://www.fruugo.co.uk/hot-dog-rollers/a-6517,Level 3
Food Washers & Dryers,https://www.fruugo.co.uk/food-washers-dryers/a-6786,Level 3
Disposable Serveware,https://www.fruugo.co.uk/disposable-serveware/a-7088,Level 3
Disposable Serving Trays,https://www.fruugo.co.uk/disposable-serving-trays/a-7089,Level 4
Bakery Boxes,https://www.fruugo.co.uk/bakery-boxes/a-7303,Level 3
Ice Bins,https://www.fruugo.co.uk/ice-bins/a-7353,Level 3
Tilt Skillets,https://www.fruugo.co.uk/tilt-skillets/a-7553,Level 3
Disposable Lids,https://www.fruugo.co.uk/disposable-lids/a-8059,Level 3
Check Presenters,https://www.fruugo.co.uk/check-presenters/a-8532,Level 3
Sneeze Guards,https://www.fruugo.co.uk/sneeze-guards/a-8533,Level 3
Retail,https://www.fruugo.co.uk/retail/a-138,Level 2
Paper & Plastic Shopping Bags,https://www.fruugo.co.uk/paper-plastic-shopping-bags/a-1837,Level 3
Display Mannequins,https://www.fruugo.co.uk/display-mannequins/a-3803,Level 3
Pricing Guns,https://www.fruugo.co.uk/pricing-guns/a-4127,Level 3
Retail Display Cases,https://www.fruugo.co.uk/retail-display-cases/a-4160,Level 3
Money Handling,https://www.fruugo.co.uk/money-handling/a-4181,Level 3
Money Changers,https://www.fruugo.co.uk/money-changers/a-3273,Level 4
Paper Coin Wrappers & Bill Straps,https://www.fruugo.co.uk/paper-coin-wrappers-bill-straps/a-4055,Level 4
Coin & Bill Counters,https://www.fruugo.co.uk/coin-bill-counters/a-4151,Level 4
Banknote Verifiers,https://www.fruugo.co.uk/banknote-verifiers/a-4290,Level 4
Money Deposit Bags,https://www.fruugo.co.uk/money-deposit-bags/a-4329,Level 4
Cash Registers & POS Terminals,https://www.fruugo.co.uk/cash-registers-pos-terminals/a-505824,Level 4
Cash Register & POS Terminal Accessories,https://www.fruugo.co.uk/cash-register-pos-terminal-accessories/a-505825,Level 4
Cash Drawers & Trays,https://www.fruugo.co.uk/cash-drawers-trays/a-4283,Level 5
Credit Card Terminals,https://www.fruugo.co.uk/credit-card-terminals/a-505808,Level 5
Signature Capture Pads,https://www.fruugo.co.uk/signature-capture-pads/a-5310,Level 5
Clothing Display Racks,https://www.fruugo.co.uk/clothing-display-racks/a-4244,Level 3
Retail Display Props & Models,https://www.fruugo.co.uk/retail-display-props-models/a-499897,Level 3
Mannequin Parts,https://www.fruugo.co.uk/mannequin-parts/a-7128,Level 3
Manufacturing,https://www.fruugo.co.uk/manufacturing/a-1470,Level 2
Hotel & Hospitality,https://www.fruugo.co.uk/hotel-hospitality/a-1475,Level 2
Law Enforcement,https://www.fruugo.co.uk/law-enforcement/a-1556,Level 2
Cuffs,https://www.fruugo.co.uk/cuffs/a-1906,Level 3
Metal Detectors,https://www.fruugo.co.uk/metal-detectors/a-361,Level 3
Science & Laboratory,https://www.fruugo.co.uk/science-laboratory/a-1624,Level 2
Laboratory Chemicals,https://www.fruugo.co.uk/laboratory-chemicals/a-3002,Level 3
Laboratory Supplies,https://www.fruugo.co.uk/laboratory-supplies/a-4255,Level 3
Laboratory Flasks,https://www.fruugo.co.uk/laboratory-flasks/a-4036,Level 4
Graduated Cylinders,https://www.fruugo.co.uk/graduated-cylinders/a-4061,Level 4
Pipettes,https://www.fruugo.co.uk/pipettes/a-4075,Level 4
Wash Bottles,https://www.fruugo.co.uk/wash-bottles/a-4140,Level 4
Test Tube Racks,https://www.fruugo.co.uk/test-tube-racks/a-4155,Level 4
Petri Dishes,https://www.fruugo.co.uk/petri-dishes/a-4276,Level 4
Test Tubes,https://www.fruugo.co.uk/test-tubes/a-4306,Level 4
Beakers,https://www.fruugo.co.uk/beakers/a-4310,Level 4
Laboratory Equipment,https://www.fruugo.co.uk/laboratory-equipment/a-4335,Level 3
Microscopes,https://www.fruugo.co.uk/microscopes/a-158,Level 4
Autoclaves,https://www.fruugo.co.uk/autoclaves/a-4116,Level 4
Laboratory Hot Plates,https://www.fruugo.co.uk/laboratory-hot-plates/a-4133,Level 4
Laboratory Ovens,https://www.fruugo.co.uk/laboratory-ovens/a-4231,Level 4
Centrifuges,https://www.fruugo.co.uk/centrifuges/a-4336,Level 4
Laboratory Blenders,https://www.fruugo.co.uk/laboratory-blenders/a-4474,Level 4
Microscope Accessories,https://www.fruugo.co.uk/microscope-accessories/a-4555,Level 4
Microscope Eyepieces & Adapters,https://www.fruugo.co.uk/microscope-eyepieces-adapters/a-4556,Level 5
Microscope Cameras,https://www.fruugo.co.uk/microscope-cameras/a-4557,Level 5
Microscope Slides,https://www.fruugo.co.uk/microscope-slides/a-4558,Level 5
Microscope Replacement Bulbs,https://www.fruugo.co.uk/microscope-replacement-bulbs/a-4664,Level 5
Microscope Objective Lenses,https://www.fruugo.co.uk/microscope-objective-lenses/a-4665,Level 5
Freeze-Drying Machines,https://www.fruugo.co.uk/freeze-drying-machines/a-500057,Level 4
Laboratory Freezers,https://www.fruugo.co.uk/laboratory-freezers/a-500114,Level 4
Laboratory Funnels,https://www.fruugo.co.uk/laboratory-funnels/a-503722,Level 4
Dry Ice Makers,https://www.fruugo.co.uk/dry-ice-makers/a-7218,Level 4
Spectrometers,https://www.fruugo.co.uk/spectrometers/a-7393,Level 4
Microtomes,https://www.fruugo.co.uk/microtomes/a-7437,Level 4
Spectrometer Accessories,https://www.fruugo.co.uk/spectrometer-accessories/a-7468,Level 4
Biochemicals,https://www.fruugo.co.uk/biochemicals/a-6975,Level 3
Dissection Kits,https://www.fruugo.co.uk/dissection-kits/a-7325,Level 3
Laboratory Specimens,https://www.fruugo.co.uk/laboratory-specimens/a-8119,Level 3
Heavy Machinery,https://www.fruugo.co.uk/heavy-machinery/a-1795,Level 2
Chippers,https://www.fruugo.co.uk/chippers/a-2072,Level 3
Finance & Insurance,https://www.fruugo.co.uk/finance-insurance/a-1813,Level 2
Bullion,https://www.fruugo.co.uk/bullion/a-7565,Level 3
Forestry & Logging,https://www.fruugo.co.uk/forestry-logging/a-1827,Level 2
Work Safety Protective Gear,https://www.fruugo.co.uk/work-safety-protective-gear/a-2047,Level 2
Protective Eyewear,https://www.fruugo.co.uk/protective-eyewear/a-2227,Level 3
Bullet Proof Vests,https://www.fruugo.co.uk/bullet-proof-vests/a-2389,Level 3
Hardhats,https://www.fruugo.co.uk/hardhats/a-2723,Level 3
Hazardous Material Suits,https://www.fruugo.co.uk/hazardous-material-suits/a-2808,Level 3
Work Safety Harnesses,https://www.fruugo.co.uk/work-safety-harnesses/a-499708,Level 3
Welding Helmets,https://www.fruugo.co.uk/welding-helmets/a-499927,Level 3
Safety Knee Pads,https://www.fruugo.co.uk/safety-knee-pads/a-499961,Level 3
Protective Masks,https://www.fruugo.co.uk/protective-masks/a-503724,Level 3
Fireman's Masks,https://www.fruugo.co.uk/firemans-masks/a-2349,Level 4
Gas Masks & Respirators,https://www.fruugo.co.uk/gas-masks-respirators/a-2473,Level 4
Medical Masks,https://www.fruugo.co.uk/medical-masks/a-513,Level 4
Dust Masks,https://www.fruugo.co.uk/dust-masks/a-7407,Level 4
Safety Gloves,https://www.fruugo.co.uk/safety-gloves/a-5591,Level 3
Protective Aprons,https://www.fruugo.co.uk/protective-aprons/a-6764,Level 3
Work Safety Tethers,https://www.fruugo.co.uk/work-safety-tethers/a-7085,Level 3
Gas Mask & Respirator Accessories,https://www.fruugo.co.uk/gas-mask-respirator-accessories/a-8269,Level 3
Film & Television,https://www.fruugo.co.uk/film-television/a-2155,Level 2
Mining & Quarrying,https://www.fruugo.co.uk/mining-quarrying/a-2187,Level 2
Medical,https://www.fruugo.co.uk/medical/a-2496,Level 2
Surgical Gowns,https://www.fruugo.co.uk/surgical-gowns/a-1645,Level 3
Hospital Gowns,https://www.fruugo.co.uk/hospital-gowns/a-1898,Level 3
Medical Instruments,https://www.fruugo.co.uk/medical-instruments/a-230913,Level 3
Scalpel Blades,https://www.fruugo.co.uk/scalpel-blades/a-232166,Level 4
Surgical Needles & Sutures,https://www.fruugo.co.uk/surgical-needles-sutures/a-499935,Level 4
Medical Forceps,https://www.fruugo.co.uk/medical-forceps/a-6281,Level 4
Scalpels,https://www.fruugo.co.uk/scalpels/a-8026,Level 4
Medical Supplies,https://www.fruugo.co.uk/medical-supplies/a-2907,Level 3
Medical Needles & Syringes,https://www.fruugo.co.uk/medical-needles-syringes/a-499696,Level 4
Ostomy Supplies,https://www.fruugo.co.uk/ostomy-supplies/a-505828,Level 4
Disposable Gloves,https://www.fruugo.co.uk/disposable-gloves/a-511,Level 4
Finger Cots,https://www.fruugo.co.uk/finger-cots/a-7063,Level 4
Tongue Depressors,https://www.fruugo.co.uk/tongue-depressors/a-7324,Level 4
Scrubs,https://www.fruugo.co.uk/scrubs/a-2928,Level 3
Medical Equipment,https://www.fruugo.co.uk/medical-equipment/a-3477,Level 3
Automated External Defibrillators,https://www.fruugo.co.uk/automated-external-defibrillators/a-3230,Level 4
Otoscopes & Ophthalmoscopes,https://www.fruugo.co.uk/otoscopes-ophthalmoscopes/a-4245,Level 4
Stethoscopes,https://www.fruugo.co.uk/stethoscopes/a-4364,Level 4
Medical Stretchers & Gurneys,https://www.fruugo.co.uk/medical-stretchers-gurneys/a-499858,Level 4
Gait Belts,https://www.fruugo.co.uk/gait-belts/a-503006,Level 4
Vital Signs Monitors,https://www.fruugo.co.uk/vital-signs-monitors/a-6280,Level 4
Vital Signs Monitor Accessories,https://www.fruugo.co.uk/vital-signs-monitor-accessories/a-6714,Level 4
Medical Reflex Hammers & Tuning Forks,https://www.fruugo.co.uk/medical-reflex-hammers-tuning-forks/a-6972,Level 4
Patient Lifts,https://www.fruugo.co.uk/patient-lifts/a-7522,Level 4
Medical Furniture,https://www.fruugo.co.uk/medical-furniture/a-5167,Level 3
Homecare & Hospital Beds,https://www.fruugo.co.uk/homecare-hospital-beds/a-4435,Level 4
Chiropractic Tables,https://www.fruugo.co.uk/chiropractic-tables/a-5168,Level 4
Examination Chairs & Tables,https://www.fruugo.co.uk/examination-chairs-tables/a-5169,Level 4
Medical Cabinets,https://www.fruugo.co.uk/medical-cabinets/a-5170,Level 4
Medical Carts,https://www.fruugo.co.uk/medical-carts/a-5171,Level 4
Crash Carts,https://www.fruugo.co.uk/crash-carts/a-5173,Level 5
IV Poles & Carts,https://www.fruugo.co.uk/iv-poles-carts/a-5174,Level 5
Surgical Tables,https://www.fruugo.co.uk/surgical-tables/a-5172,Level 4
Scrub Caps,https://www.fruugo.co.uk/scrub-caps/a-5602,Level 3
Hospital Curtains,https://www.fruugo.co.uk/hospital-curtains/a-6275,Level 3
Medical Bedding,https://www.fruugo.co.uk/medical-bedding/a-6303,Level 3
Medical Teaching Equipment,https://www.fruugo.co.uk/medical-teaching-equipment/a-6490,Level 3
Medical & Emergency Response Training Mannequins,https://www.fruugo.co.uk/medical-emergency-response-training-mannequins/a-6491,Level 4
Piercing & Tattooing,https://www.fruugo.co.uk/piercing-tattooing/a-4285,Level 2
Tattooing Supplies,https://www.fruugo.co.uk/tattooing-supplies/a-4326,Level 3
Tattooing Needles,https://www.fruugo.co.uk/tattooing-needles/a-4072,Level 4
Tattooing Inks,https://www.fruugo.co.uk/tattooing-inks/a-4215,Level 4
Tattooing Machines,https://www.fruugo.co.uk/tattooing-machines/a-4379,Level 4
Tattoo Cover-Ups,https://www.fruugo.co.uk/tattoo-cover-ups/a-5853,Level 4
Piercing Supplies,https://www.fruugo.co.uk/piercing-supplies/a-4350,Level 3
Piercing Needles,https://www.fruugo.co.uk/piercing-needles/a-4122,Level 4
Janitorial Carts & Caddies,https://www.fruugo.co.uk/janitorial-carts-caddies/a-500086,Level 2
Industrial Storage,https://www.fruugo.co.uk/industrial-storage/a-5830,Level 2
Shipping Containers,https://www.fruugo.co.uk/shipping-containers/a-5831,Level 3
Industrial Cabinets,https://www.fruugo.co.uk/industrial-cabinets/a-5832,Level 3
Industrial Shelving,https://www.fruugo.co.uk/industrial-shelving/a-5833,Level 3
"Wire Partitions, Enclosures & Doors",https://www.fruugo.co.uk/wire-partitions-enclosures-doors/a-8274,Level 3
Advertising & Marketing,https://www.fruugo.co.uk/advertising-marketing/a-5863,Level 2
Trade Show Counters,https://www.fruugo.co.uk/trade-show-counters/a-5864,Level 3
Trade Show Displays,https://www.fruugo.co.uk/trade-show-displays/a-5865,Level 3
Brochures,https://www.fruugo.co.uk/brochures/a-5884,Level 3
Material Handling,https://www.fruugo.co.uk/material-handling/a-6987,Level 2
Lifts & Hoists,https://www.fruugo.co.uk/lifts-hoists/a-131,Level 3
Personnel Lifts,https://www.fruugo.co.uk/personnel-lifts/a-503767,Level 4
"Hoists, Cranes & Trolleys",https://www.fruugo.co.uk/hoists-cranes-trolleys/a-503768,Level 4
"Pulleys, Blocks & Sheaves",https://www.fruugo.co.uk/pulleys-blocks-sheaves/a-503769,Level 4
Jacks & Lift Trucks,https://www.fruugo.co.uk/jacks-lift-trucks/a-503771,Level 4
Winches,https://www.fruugo.co.uk/winches/a-503772,Level 4
Pallets & Loading Platforms,https://www.fruugo.co.uk/pallets-loading-platforms/a-503011,Level 3
Conveyors,https://www.fruugo.co.uk/conveyors/a-6988,Level 3
Hairdressing & Cosmetology,https://www.fruugo.co.uk/hairdressing-cosmetology/a-7240,Level 2
Hairdressing Capes & Neck Covers,https://www.fruugo.co.uk/hairdressing-capes-neck-covers/a-505670,Level 3
Salon Chairs,https://www.fruugo.co.uk/salon-chairs/a-7241,Level 3
Pedicure Chairs,https://www.fruugo.co.uk/pedicure-chairs/a-7242,Level 3
Automation Control Components,https://www.fruugo.co.uk/automation-control-components/a-7261,Level 2
Variable Frequency & Adjustable Speed Drives,https://www.fruugo.co.uk/variable-frequency-adjustable-speed-drives/a-7262,Level 3
Programmable Logic Controllers,https://www.fruugo.co.uk/programmable-logic-controllers/a-7263,Level 3
Dentistry,https://www.fruugo.co.uk/dentistry/a-7497,Level 2
Dental Tools,https://www.fruugo.co.uk/dental-tools/a-7499,Level 3
Dental Mirrors,https://www.fruugo.co.uk/dental-mirrors/a-7498,Level 4
Dental Tool Sets,https://www.fruugo.co.uk/dental-tool-sets/a-7531,Level 4
Prophy Heads,https://www.fruugo.co.uk/prophy-heads/a-8120,Level 4
Prophy Cups,https://www.fruugo.co.uk/prophy-cups/a-8121,Level 4
Dappen Dishes,https://www.fruugo.co.uk/dappen-dishes/a-8490,Level 4
Dental Cement,https://www.fruugo.co.uk/dental-cement/a-7500,Level 3
Prophy Paste,https://www.fruugo.co.uk/prophy-paste/a-8130,Level 3
Industrial Storage Accessories,https://www.fruugo.co.uk/industrial-storage-accessories/a-8025,Level 2
Signage,https://www.fruugo.co.uk/signage/a-976,Level 2
Electric Signs,https://www.fruugo.co.uk/electric-signs/a-4297,Level 3
Neon Signs,https://www.fruugo.co.uk/neon-signs/a-4070,Level 4
LED Signs,https://www.fruugo.co.uk/led-signs/a-4131,Level 4
Safety & Warning Signs,https://www.fruugo.co.uk/safety-warning-signs/a-5892,Level 3
Security Signs,https://www.fruugo.co.uk/security-signs/a-5893,Level 3
Emergency & Exit Signs,https://www.fruugo.co.uk/emergency-exit-signs/a-5894,Level 3
Road & Traffic Signs,https://www.fruugo.co.uk/road-traffic-signs/a-5895,Level 3
Parking Signs & Permits,https://www.fruugo.co.uk/parking-signs-permits/a-5896,Level 3
Facility Identification Signs,https://www.fruugo.co.uk/facility-identification-signs/a-5897,Level 3
Retail & Sale Signs,https://www.fruugo.co.uk/retail-sale-signs/a-5898,Level 3
Sidewalk & Yard Signs,https://www.fruugo.co.uk/sidewalk-yard-signs/a-5899,Level 3
Policy Signs,https://www.fruugo.co.uk/policy-signs/a-5900,Level 3
Business Hour Signs,https://www.fruugo.co.uk/business-hour-signs/a-7322,Level 3
Open & Closed Signs,https://www.fruugo.co.uk/open-closed-signs/a-7323,Level 3
Digital Signs,https://www.fruugo.co.uk/digital-signs/a-8155,Level 3
Toys & Games,https://www.fruugo.co.uk/toys-games/a-1239,Level 1
Outdoor Play Equipment,https://www.fruugo.co.uk/outdoor-play-equipment/a-1249,Level 2
Playhouses,https://www.fruugo.co.uk/playhouses/a-1251,Level 3
Trampolines,https://www.fruugo.co.uk/trampolines/a-1738,Level 3
Pogo Sticks,https://www.fruugo.co.uk/pogo-sticks/a-1863,Level 3
Sandboxes,https://www.fruugo.co.uk/sandboxes/a-2743,Level 3
Slides,https://www.fruugo.co.uk/slides/a-2867,Level 3
Stilts,https://www.fruugo.co.uk/stilts/a-3948,Level 3
Trampoline Accessories,https://www.fruugo.co.uk/trampoline-accessories/a-5524,Level 3
Swing Set & Playset Accessories,https://www.fruugo.co.uk/swing-set-playset-accessories/a-6269,Level 3
Play Swings,https://www.fruugo.co.uk/play-swings/a-6270,Level 3
Swing Sets & Playsets,https://www.fruugo.co.uk/swing-sets-playsets/a-6271,Level 3
Inflatable Bouncers,https://www.fruugo.co.uk/inflatable-bouncers/a-6396,Level 3
Play Tents & Tunnels,https://www.fruugo.co.uk/play-tents-tunnels/a-6397,Level 3
See Saws,https://www.fruugo.co.uk/see-saws/a-6450,Level 3
Water Play Equipment,https://www.fruugo.co.uk/water-play-equipment/a-6464,Level 3
Water Tables,https://www.fruugo.co.uk/water-tables/a-3556,Level 4
Water Parks & Slides,https://www.fruugo.co.uk/water-parks-slides/a-500095,Level 4
Play Sprinkers,https://www.fruugo.co.uk/play-sprinkers/a-6465,Level 4
Inflatable Bouncer Accessories,https://www.fruugo.co.uk/inflatable-bouncer-accessories/a-7219,Level 3
Toys,https://www.fruugo.co.uk/toys/a-1253,Level 2
Building Toys,https://www.fruugo.co.uk/building-toys/a-1254,Level 3
Marble Track Sets,https://www.fruugo.co.uk/marble-track-sets/a-3163,Level 4
Foam Blocks,https://www.fruugo.co.uk/foam-blocks/a-3172,Level 4
Interlocking Blocks,https://www.fruugo.co.uk/interlocking-blocks/a-3287,Level 4
Wooden Blocks,https://www.fruugo.co.uk/wooden-blocks/a-3617,Level 4
Construction Set Toys,https://www.fruugo.co.uk/construction-set-toys/a-3805,Level 4
"Dolls, Playsets & Toy Figures",https://www.fruugo.co.uk/dolls-playsets-toy-figures/a-1255,Level 3
Dolls,https://www.fruugo.co.uk/dolls/a-1257,Level 4
Puppets & Marionettes,https://www.fruugo.co.uk/puppets-marionettes/a-1258,Level 4
Stuffed Animals,https://www.fruugo.co.uk/stuffed-animals/a-1259,Level 4
Dollhouse Accessories,https://www.fruugo.co.uk/dollhouse-accessories/a-2497,Level 4
Dollhouses,https://www.fruugo.co.uk/dollhouses/a-2499,Level 4
Toy Playsets,https://www.fruugo.co.uk/toy-playsets/a-3166,Level 4
Doll & Action Figure Accessories,https://www.fruugo.co.uk/doll-action-figure-accessories/a-3584,Level 4
Puppet & Puppet Theater Accessories,https://www.fruugo.co.uk/puppet-puppet-theater-accessories/a-6056,Level 4
Puppet Theaters,https://www.fruugo.co.uk/puppet-theaters/a-6057,Level 4
Action & Toy Figures,https://www.fruugo.co.uk/action-toy-figures/a-6058,Level 4
Bobblehead Figures,https://www.fruugo.co.uk/bobblehead-figures/a-7114,Level 4
Paper & Magnetic Dolls,https://www.fruugo.co.uk/paper-magnetic-dolls/a-8021,Level 4
Flying Toys,https://www.fruugo.co.uk/flying-toys/a-1261,Level 3
Toy Parachutes,https://www.fruugo.co.uk/toy-parachutes/a-3263,Level 4
Toy Gliders,https://www.fruugo.co.uk/toy-gliders/a-3378,Level 4
Kites,https://www.fruugo.co.uk/kites/a-3460,Level 4
Air & Water Rockets,https://www.fruugo.co.uk/air-water-rockets/a-3966,Level 4
Educational Toys,https://www.fruugo.co.uk/educational-toys/a-1262,Level 3
Ant Farms,https://www.fruugo.co.uk/ant-farms/a-3088,Level 4
Science & Exploration Sets,https://www.fruugo.co.uk/science-exploration-sets/a-3500,Level 4
Bug Collecting Kits,https://www.fruugo.co.uk/bug-collecting-kits/a-3928,Level 4
Astronomy Toys & Models,https://www.fruugo.co.uk/astronomy-toys-models/a-499938,Level 4
Educational Flash Cards,https://www.fruugo.co.uk/educational-flash-cards/a-500015,Level 4
Reading Toys,https://www.fruugo.co.uk/reading-toys/a-5529,Level 4
Toy Abacuses,https://www.fruugo.co.uk/toy-abacuses/a-6466,Level 4
Musical Toys,https://www.fruugo.co.uk/musical-toys/a-1264,Level 3
Toy Instruments,https://www.fruugo.co.uk/toy-instruments/a-3252,Level 4
Sports Toys,https://www.fruugo.co.uk/sports-toys/a-1266,Level 3
Fitness Toys,https://www.fruugo.co.uk/fitness-toys/a-3199,Level 4
Hula Hoops,https://www.fruugo.co.uk/hula-hoops/a-3215,Level 5
Golf Toys,https://www.fruugo.co.uk/golf-toys/a-3226,Level 4
Toy Footballs,https://www.fruugo.co.uk/toy-footballs/a-3371,Level 4
Basketball Toys,https://www.fruugo.co.uk/basketball-toys/a-3552,Level 4
Bowling Toys,https://www.fruugo.co.uk/bowling-toys/a-3665,Level 4
Boomerangs,https://www.fruugo.co.uk/boomerangs/a-3675,Level 4
Baseball Toys,https://www.fruugo.co.uk/baseball-toys/a-3776,Level 4
Footbags,https://www.fruugo.co.uk/footbags/a-3909,Level 4
Hockey Toys,https://www.fruugo.co.uk/hockey-toys/a-3943,Level 4
Flying Discs,https://www.fruugo.co.uk/flying-discs/a-4167,Level 4
Playground Balls,https://www.fruugo.co.uk/playground-balls/a-499965,Level 4
Fingerboards & Fingerboard Sets,https://www.fruugo.co.uk/fingerboards-fingerboard-sets/a-500113,Level 4
Racquet Sport Toys,https://www.fruugo.co.uk/racquet-sport-toys/a-505284,Level 4
Fishing Toys,https://www.fruugo.co.uk/fishing-toys/a-8529,Level 4
Beach & Sand Toys,https://www.fruugo.co.uk/beach-sand-toys/a-1268,Level 3
Play Vehicles,https://www.fruugo.co.uk/play-vehicles/a-2505,Level 3
Toy Trucks & Construction Vehicles,https://www.fruugo.co.uk/toy-trucks-construction-vehicles/a-3296,Level 4
Toy Airplanes,https://www.fruugo.co.uk/toy-airplanes/a-3444,Level 4
Toy Race Car & Track Sets,https://www.fruugo.co.uk/toy-race-car-track-sets/a-3474,Level 4
Toy Helicopters,https://www.fruugo.co.uk/toy-helicopters/a-3506,Level 4
Toy Cars,https://www.fruugo.co.uk/toy-cars/a-3551,Level 4
Toy Spaceships,https://www.fruugo.co.uk/toy-spaceships/a-3589,Level 4
Toy Motorcycles,https://www.fruugo.co.uk/toy-motorcycles/a-3590,Level 4
Toy Boats,https://www.fruugo.co.uk/toy-boats/a-3792,Level 4
Toy Trains & Train Sets,https://www.fruugo.co.uk/toy-trains-train-sets/a-5152,Level 4
Remote Control Toys,https://www.fruugo.co.uk/remote-control-toys/a-2546,Level 3
Remote Control Boats & Watercraft,https://www.fruugo.co.uk/remote-control-boats-watercraft/a-3532,Level 4
Remote Control Helicopters,https://www.fruugo.co.uk/remote-control-helicopters/a-3554,Level 4
Remote Control Cars & Trucks,https://www.fruugo.co.uk/remote-control-cars-trucks/a-3601,Level 4
Remote Control Planes,https://www.fruugo.co.uk/remote-control-planes/a-3677,Level 4
Remote Control Motorcycles,https://www.fruugo.co.uk/remote-control-motorcycles/a-5968,Level 4
Remote Control Tanks,https://www.fruugo.co.uk/remote-control-tanks/a-5969,Level 4
Remote Control Robots,https://www.fruugo.co.uk/remote-control-robots/a-6059,Level 4
Remote Control Airships & Blimps,https://www.fruugo.co.uk/remote-control-airships-blimps/a-7090,Level 4
Remote Control Toy Accessories,https://www.fruugo.co.uk/remote-control-toy-accessories/a-2778,Level 3
Riding Toys,https://www.fruugo.co.uk/riding-toys/a-2799,Level 3
Push & Pedal Riding Vehicles,https://www.fruugo.co.uk/push-pedal-riding-vehicles/a-2724,Level 4
Electric Riding Vehicles,https://www.fruugo.co.uk/electric-riding-vehicles/a-2753,Level 4
Rocking & Spring Riding Toys,https://www.fruugo.co.uk/rocking-spring-riding-toys/a-3441,Level 4
Wagons,https://www.fruugo.co.uk/wagons/a-6379,Level 4
Hobby Horses,https://www.fruugo.co.uk/hobby-horses/a-6407,Level 4
Wind-Up Toys,https://www.fruugo.co.uk/wind-up-toys/a-2953,Level 3
Executive Toys,https://www.fruugo.co.uk/executive-toys/a-3074,Level 3
Magnet Toys,https://www.fruugo.co.uk/magnet-toys/a-5872,Level 4
Ball Pits,https://www.fruugo.co.uk/ball-pits/a-3207,Level 3
Pretend Play,https://www.fruugo.co.uk/pretend-play/a-3229,Level 3
Pretend Professions & Role Playing,https://www.fruugo.co.uk/pretend-professions-role-playing/a-3129,Level 4
Pretend Lawn & Garden,https://www.fruugo.co.uk/pretend-lawn-garden/a-3288,Level 4
Toy Kitchens & Play Food,https://www.fruugo.co.uk/toy-kitchens-play-food/a-3298,Level 4
Pretend Electronics,https://www.fruugo.co.uk/pretend-electronics/a-3659,Level 4
Play Money & Banking,https://www.fruugo.co.uk/play-money-banking/a-3680,Level 4
Toy Tools,https://www.fruugo.co.uk/toy-tools/a-3751,Level 4
Pretend Housekeeping,https://www.fruugo.co.uk/pretend-housekeeping/a-4004,Level 4
Pretend Shopping & Grocery,https://www.fruugo.co.uk/pretend-shopping-grocery/a-8295,Level 4
Visual Toys,https://www.fruugo.co.uk/visual-toys/a-3562,Level 3
Kaleidoscopes,https://www.fruugo.co.uk/kaleidoscopes/a-3301,Level 4
Prisms,https://www.fruugo.co.uk/prisms/a-3782,Level 4
Robotic Toys,https://www.fruugo.co.uk/robotic-toys/a-3625,Level 3
Toy Weapons & Gadgets,https://www.fruugo.co.uk/toy-weapons-gadgets/a-3627,Level 3
Art & Drawing Toys,https://www.fruugo.co.uk/art-drawing-toys/a-3731,Level 3
Toy Drawing Tablets,https://www.fruugo.co.uk/toy-drawing-tablets/a-3079,Level 4
Play Dough & Putty,https://www.fruugo.co.uk/play-dough-putty/a-505818,Level 4
Bath Toys,https://www.fruugo.co.uk/bath-toys/a-3911,Level 3
Activity Toys,https://www.fruugo.co.uk/activity-toys/a-4352,Level 3
Bubble Blowing Solution,https://www.fruugo.co.uk/bubble-blowing-solution/a-3212,Level 4
Spinning Tops,https://www.fruugo.co.uk/spinning-tops/a-3466,Level 4
Marbles,https://www.fruugo.co.uk/marbles/a-3534,Level 4
Bouncy Balls,https://www.fruugo.co.uk/bouncy-balls/a-3733,Level 4
Bubble Blowing Toys,https://www.fruugo.co.uk/bubble-blowing-toys/a-3874,Level 4
Yo-Yos,https://www.fruugo.co.uk/yo-yos/a-3929,Level 4
Coiled Spring Toys,https://www.fruugo.co.uk/coiled-spring-toys/a-4177,Level 4
Toy Jacks,https://www.fruugo.co.uk/toy-jacks/a-4216,Level 4
Yo-Yo Parts & Accessories,https://www.fruugo.co.uk/yo-yo-parts-accessories/a-7148,Level 4
Paddle Ball Toys,https://www.fruugo.co.uk/paddle-ball-toys/a-7425,Level 4
Ribbon & Streamer Toys,https://www.fruugo.co.uk/ribbon-streamer-toys/a-7473,Level 4
Ball & Cup Games,https://www.fruugo.co.uk/ball-cup-games/a-7519,Level 4
Toy Gift Baskets,https://www.fruugo.co.uk/toy-gift-baskets/a-499712,Level 3
Toy Weapon & Gadget Accessories,https://www.fruugo.co.uk/toy-weapon-gadget-accessories/a-500005,Level 3
Play Vehicle Accessories,https://www.fruugo.co.uk/play-vehicle-accessories/a-5970,Level 3
Toy Train Accessories,https://www.fruugo.co.uk/toy-train-accessories/a-5153,Level 4
Toy Race Car & Track Accessories,https://www.fruugo.co.uk/toy-race-car-track-accessories/a-5971,Level 4
Riding Toy Accessories,https://www.fruugo.co.uk/riding-toy-accessories/a-7202,Level 3
Ball Pit Accessories,https://www.fruugo.co.uk/ball-pit-accessories/a-7311,Level 3
Ball Pit Balls,https://www.fruugo.co.uk/ball-pit-balls/a-7312,Level 4
Flying Toy Accessories,https://www.fruugo.co.uk/flying-toy-accessories/a-7366,Level 3
Kite Accessories,https://www.fruugo.co.uk/kite-accessories/a-7368,Level 4
Kite Line Reels & Winders,https://www.fruugo.co.uk/kite-line-reels-winders/a-7371,Level 5
Sports Toy Accessories,https://www.fruugo.co.uk/sports-toy-accessories/a-8127,Level 3
Fitness Toy Accessories,https://www.fruugo.co.uk/fitness-toy-accessories/a-8129,Level 4
Hula Hoop Accessories,https://www.fruugo.co.uk/hula-hoop-accessories/a-8128,Level 5
Games,https://www.fruugo.co.uk/games/a-3793,Level 2
Board Games,https://www.fruugo.co.uk/board-games/a-1246,Level 3
Card Games,https://www.fruugo.co.uk/card-games/a-1247,Level 3
Bingo Sets,https://www.fruugo.co.uk/bingo-sets/a-3749,Level 3
Portable Electronic Games,https://www.fruugo.co.uk/portable-electronic-games/a-4554,Level 3
Poker Chips & Sets,https://www.fruugo.co.uk/poker-chips-sets/a-5403,Level 3
Dice Sets & Games,https://www.fruugo.co.uk/dice-sets-games/a-6037,Level 3
Tile Games,https://www.fruugo.co.uk/tile-games/a-6038,Level 3
Dexterity Games,https://www.fruugo.co.uk/dexterity-games/a-6054,Level 3
Battle Tops,https://www.fruugo.co.uk/battle-tops/a-6329,Level 3
Battle Top Accessories,https://www.fruugo.co.uk/battle-top-accessories/a-6794,Level 3
Card Game Accessories,https://www.fruugo.co.uk/card-game-accessories/a-6853,Level 3
Poker Chip Accessories,https://www.fruugo.co.uk/poker-chip-accessories/a-7383,Level 3
Poker Chip Carriers & Trays,https://www.fruugo.co.uk/poker-chip-carriers-trays/a-7384,Level 4
Blackjack & Craps Sets,https://www.fruugo.co.uk/blackjack-craps-sets/a-7411,Level 3
Roulette Wheels & Sets,https://www.fruugo.co.uk/roulette-wheels-sets/a-7412,Level 3
Slot Machines,https://www.fruugo.co.uk/slot-machines/a-8472,Level 3
Puzzles,https://www.fruugo.co.uk/puzzles/a-3867,Level 2
Jigsaw Puzzles,https://www.fruugo.co.uk/jigsaw-puzzles/a-2618,Level 3
Mechanical Puzzles,https://www.fruugo.co.uk/mechanical-puzzles/a-4011,Level 3
Wooden & Pegged Puzzles,https://www.fruugo.co.uk/wooden-pegged-puzzles/a-6725,Level 3
Jigsaw Puzzle Accessories,https://www.fruugo.co.uk/jigsaw-puzzle-accessories/a-7081,Level 3
Game Timers,https://www.fruugo.co.uk/game-timers/a-4648,Level 2
Cameras & Optics,https://www.fruugo.co.uk/cameras-optics/a-141,Level 1
Cameras,https://www.fruugo.co.uk/cameras/a-142,Level 2
Digital Cameras,https://www.fruugo.co.uk/digital-cameras/a-152,Level 3
Film Cameras,https://www.fruugo.co.uk/film-cameras/a-154,Level 3
Video Cameras,https://www.fruugo.co.uk/video-cameras/a-155,Level 3
Webcams,https://www.fruugo.co.uk/webcams/a-312,Level 3
Surveillance Cameras,https://www.fruugo.co.uk/surveillance-cameras/a-362,Level 3
Disposable Cameras,https://www.fruugo.co.uk/disposable-cameras/a-4024,Level 3
Borescopes,https://www.fruugo.co.uk/borescopes/a-499976,Level 3
Trail Cameras,https://www.fruugo.co.uk/trail-cameras/a-5402,Level 3
Optics,https://www.fruugo.co.uk/optics/a-156,Level 2
Binoculars,https://www.fruugo.co.uk/binoculars/a-157,Level 3
Rangefinders,https://www.fruugo.co.uk/rangefinders/a-161,Level 3
Scopes,https://www.fruugo.co.uk/scopes/a-4040,Level 3
Telescopes,https://www.fruugo.co.uk/telescopes/a-165,Level 4
Weapon Scopes & Sights,https://www.fruugo.co.uk/weapon-scopes-sights/a-1695,Level 4
Spotting Scopes,https://www.fruugo.co.uk/spotting-scopes/a-4136,Level 4
Monoculars,https://www.fruugo.co.uk/monoculars/a-4164,Level 3
Camera & Optic Accessories,https://www.fruugo.co.uk/camera-optic-accessories/a-2096,Level 2
Camera Parts & Accessories,https://www.fruugo.co.uk/camera-parts-accessories/a-143,Level 3
Camera Flashes,https://www.fruugo.co.uk/camera-flashes/a-148,Level 4
Camera Film,https://www.fruugo.co.uk/camera-film/a-153,Level 4
Video Camera Lights,https://www.fruugo.co.uk/video-camera-lights/a-2394,Level 4
Camera Stabilizers & Supports,https://www.fruugo.co.uk/camera-stabilizers-supports/a-499998,Level 4
Camera Grips,https://www.fruugo.co.uk/camera-grips/a-500037,Level 4
Camera Straps,https://www.fruugo.co.uk/camera-straps/a-5429,Level 4
Camera Flash Accessories,https://www.fruugo.co.uk/camera-flash-accessories/a-5479,Level 4
Camera Remote Controls,https://www.fruugo.co.uk/camera-remote-controls/a-5532,Level 4
Surveillance Camera Accessories,https://www.fruugo.co.uk/surveillance-camera-accessories/a-5937,Level 4
Underwater Camera Housings,https://www.fruugo.co.uk/underwater-camera-housings/a-6307,Level 4
Camera Bags & Cases,https://www.fruugo.co.uk/camera-bags-cases/a-6308,Level 4
Camera Accessory Sets,https://www.fruugo.co.uk/camera-accessory-sets/a-8174,Level 4
Camera & Video Camera Lenses,https://www.fruugo.co.uk/camera-video-camera-lenses/a-149,Level 3
Camera Lenses,https://www.fruugo.co.uk/camera-lenses/a-4432,Level 4
Video Camera Lenses,https://www.fruugo.co.uk/video-camera-lenses/a-5280,Level 4
Surveillance Camera Lenses,https://www.fruugo.co.uk/surveillance-camera-lenses/a-5346,Level 4
Tripods & Monopods,https://www.fruugo.co.uk/tripods-monopods/a-150,Level 3
Optic Accessories,https://www.fruugo.co.uk/optic-accessories/a-160,Level 3
Binocular & Monocular Accessories,https://www.fruugo.co.uk/binocular-monocular-accessories/a-5282,Level 4
Rangefinder Accessories,https://www.fruugo.co.uk/rangefinder-accessories/a-5283,Level 4
Telescope Accessories,https://www.fruugo.co.uk/telescope-accessories/a-5284,Level 4
Spotting Scope Accessories,https://www.fruugo.co.uk/spotting-scope-accessories/a-5542,Level 4
Weapon Scope & Sight Accessories,https://www.fruugo.co.uk/weapon-scope-sight-accessories/a-5543,Level 4
Optics Bags & Cases,https://www.fruugo.co.uk/optics-bags-cases/a-5545,Level 4
Camera Lens Accessories,https://www.fruugo.co.uk/camera-lens-accessories/a-2911,Level 3
Lens Filters,https://www.fruugo.co.uk/lens-filters/a-147,Level 4
Lens Hoods,https://www.fruugo.co.uk/lens-hoods/a-2627,Level 4
Lens Caps,https://www.fruugo.co.uk/lens-caps/a-2829,Level 4
Lens Converters,https://www.fruugo.co.uk/lens-converters/a-4416,Level 4
Lens Bags,https://www.fruugo.co.uk/lens-bags/a-4441,Level 4
Lens & Filter Adapter Rings,https://www.fruugo.co.uk/lens-filter-adapter-rings/a-5588,Level 4
Tripod & Monopod Accessories,https://www.fruugo.co.uk/tripod-monopod-accessories/a-4638,Level 3
Tripod Collars & Mounts,https://www.fruugo.co.uk/tripod-collars-mounts/a-3035,Level 4
Tripod & Monopod Heads,https://www.fruugo.co.uk/tripod-monopod-heads/a-4639,Level 4
Tripod & Monopod Cases,https://www.fruugo.co.uk/tripod-monopod-cases/a-4640,Level 4
Photography,https://www.fruugo.co.uk/photography/a-39,Level 2
Darkroom,https://www.fruugo.co.uk/darkroom/a-41,Level 3
Photographic Chemicals,https://www.fruugo.co.uk/photographic-chemicals/a-1622,Level 4
Developing & Processing Equipment,https://www.fruugo.co.uk/developing-processing-equipment/a-2234,Level 4
Enlarging Equipment,https://www.fruugo.co.uk/enlarging-equipment/a-2520,Level 4
Safelights,https://www.fruugo.co.uk/safelights/a-2600,Level 4
Photographic Paper,https://www.fruugo.co.uk/photographic-paper/a-2804,Level 4
Lighting & Studio,https://www.fruugo.co.uk/lighting-studio/a-42,Level 3
Light Meters,https://www.fruugo.co.uk/light-meters/a-1548,Level 4
Studio Backgrounds,https://www.fruugo.co.uk/studio-backgrounds/a-1611,Level 4
Studio Stands & Mounts,https://www.fruugo.co.uk/studio-stands-mounts/a-2007,Level 4
Studio Lighting Controls,https://www.fruugo.co.uk/studio-lighting-controls/a-2475,Level 4
Studio Lights & Flashes,https://www.fruugo.co.uk/studio-lights-flashes/a-2926,Level 4
Photo Negative & Slide Storage,https://www.fruugo.co.uk/photo-negative-slide-storage/a-4368,Level 3
Photo Mounting Supplies,https://www.fruugo.co.uk/photo-mounting-supplies/a-503735,Level 3
Apparel & Accessories,https://www.fruugo.co.uk/apparel-accessories/a-166,Level 1
Clothing,https://www.fruugo.co.uk/clothing/a-1604,Level 2
Skirts,https://www.fruugo.co.uk/skirts/a-1581,Level 3
Suits,https://www.fruugo.co.uk/suits/a-1594,Level 3
Skirt Suits,https://www.fruugo.co.uk/skirt-suits/a-1516,Level 4
Tuxedos,https://www.fruugo.co.uk/tuxedos/a-1580,Level 4
Pant Suits,https://www.fruugo.co.uk/pant-suits/a-5183,Level 4
Baby & Toddler Clothing,https://www.fruugo.co.uk/baby-toddler-clothing/a-182,Level 3
Baby & Toddler Bottoms,https://www.fruugo.co.uk/baby-toddler-bottoms/a-5408,Level 4
Baby & Toddler Swimwear,https://www.fruugo.co.uk/baby-toddler-swimwear/a-5409,Level 4
Baby & Toddler Tops,https://www.fruugo.co.uk/baby-toddler-tops/a-5410,Level 4
Baby One-Pieces,https://www.fruugo.co.uk/baby-one-pieces/a-5411,Level 4
Baby & Toddler Sleepwear,https://www.fruugo.co.uk/baby-toddler-sleepwear/a-5412,Level 4
Baby & Toddler Socks & Tights,https://www.fruugo.co.uk/baby-toddler-socks-tights/a-5423,Level 4
Baby & Toddler Dresses,https://www.fruugo.co.uk/baby-toddler-dresses/a-5424,Level 4
Baby & Toddler Outerwear,https://www.fruugo.co.uk/baby-toddler-outerwear/a-5425,Level 4
Baby & Toddler Diaper Covers,https://www.fruugo.co.uk/baby-toddler-diaper-covers/a-5549,Level 4
Toddler Underwear,https://www.fruugo.co.uk/toddler-underwear/a-5621,Level 4
Baby & Toddler Outfits,https://www.fruugo.co.uk/baby-toddler-outfits/a-5622,Level 4
Outerwear,https://www.fruugo.co.uk/outerwear/a-203,Level 3
Vests,https://www.fruugo.co.uk/vests/a-1831,Level 4
Rain Suits,https://www.fruugo.co.uk/rain-suits/a-3066,Level 4
Chaps,https://www.fruugo.co.uk/chaps/a-5506,Level 4
Rain Pants,https://www.fruugo.co.uk/rain-pants/a-5514,Level 4
Coats & Jackets,https://www.fruugo.co.uk/coats-jackets/a-5598,Level 4
Snow Pants & Suits,https://www.fruugo.co.uk/snow-pants-suits/a-5909,Level 4
Pants,https://www.fruugo.co.uk/pants/a-204,Level 3
Shorts,https://www.fruugo.co.uk/shorts/a-207,Level 3
Sleepwear & Loungewear,https://www.fruugo.co.uk/sleepwear-loungewear/a-208,Level 3
Robes,https://www.fruugo.co.uk/robes/a-2302,Level 4
Pajamas,https://www.fruugo.co.uk/pajamas/a-2580,Level 4
Nightgowns,https://www.fruugo.co.uk/nightgowns/a-5513,Level 4
Loungewear,https://www.fruugo.co.uk/loungewear/a-5713,Level 4
Swimwear,https://www.fruugo.co.uk/swimwear/a-211,Level 3
Shirts & Tops,https://www.fruugo.co.uk/shirts-tops/a-212,Level 3
Underwear & Socks,https://www.fruugo.co.uk/underwear-socks/a-213,Level 3
Shapewear,https://www.fruugo.co.uk/shapewear/a-1578,Level 4
Lingerie,https://www.fruugo.co.uk/lingerie/a-1772,Level 4
Long Johns,https://www.fruugo.co.uk/long-johns/a-1807,Level 4
Socks,https://www.fruugo.co.uk/socks/a-209,Level 4
Bras,https://www.fruugo.co.uk/bras/a-214,Level 4
Hosiery,https://www.fruugo.co.uk/hosiery/a-215,Level 4
Underwear,https://www.fruugo.co.uk/underwear/a-2562,Level 4
Lingerie Accessories,https://www.fruugo.co.uk/lingerie-accessories/a-2563,Level 4
Garters,https://www.fruugo.co.uk/garters/a-1675,Level 5
Garter Belts,https://www.fruugo.co.uk/garter-belts/a-2160,Level 5
Undershirts,https://www.fruugo.co.uk/undershirts/a-2745,Level 4
Petticoats & Pettipants,https://www.fruugo.co.uk/petticoats-pettipants/a-2963,Level 4
Jock Straps,https://www.fruugo.co.uk/jock-straps/a-5327,Level 4
Underwear Slips,https://www.fruugo.co.uk/underwear-slips/a-5834,Level 4
Bra Accessories,https://www.fruugo.co.uk/bra-accessories/a-7207,Level 4
Bra Strap Pads,https://www.fruugo.co.uk/bra-strap-pads/a-7208,Level 5
Breast Petals & Concealers,https://www.fruugo.co.uk/breast-petals-concealers/a-7209,Level 5
Clothing - Shirts & Tops,https://www.fruugo.co.uk/clothing-shirts-tops/c-ws75621130,Level 3 (WS)
Clothing - Coats & Outerwear,https://www.fruugo.co.uk/clothing-coats-outerwear/c-ws01974794,Level 3 (WS)
Clothing - Underwear & Socks,https://www.fruugo.co.uk/clothing-underwear-socks/c-ws66076989,Level 3 (WS)
Clothing - Pants,https://www.fruugo.co.uk/clothing-pants/c-ws25628579,Level 3 (WS)
"Clothing - Dresses, Skirts & Skorts",https://www.fruugo.co.uk/clothing-dresses-skirts-skorts/c-ws11236874,Level 3 (WS)
Clothing - Shorts,https://www.fruugo.co.uk/clothing-shorts/c-ws72892323,Level 3 (WS)
Clothing - Suits,https://www.fruugo.co.uk/clothing-suits/c-ws51022704,Level 3 (WS)
Unclassified,https://www.fruugo.co.uk/unclassified/a-100000000,Level 1
